Aktivitetstype,Dato,Favoritt,Tittel,Avstand,Kalorier,Tid,Gjennomsnittlig puls,Makspuls,Aerob treningseffekt,Gjennomsnittlig frekvens for løping,Maksimal frekvens for løping,Gjennomsnittlig tempo,Beste tempo,Total stigning,Totalt fall,Gjennomsnittlig skrittlengde,Gjennomsnittlig vertikalt forholdstall,Gjennomsnittlig vertikal oscillasjon,Gjennomsnittlig tid med bakkekontakt,Gjennomsnittlig frekvens for løping,Maksimal frekvens for løping,Training Stress Score®,Gjennomsnittlig kraft,Maksimal kraft,Vanskelighetsgrad,Flyt,Totalt antall tak,Gjennomsnittlig Swolf,Gjennomsnittlig tempo for tak,Totalt antall repetisjoner,Totalt antall sett,Dykketid,Minimumstemperatur,Overflateintervall,Dekompresjon,Beste rundetid,Antall runder,Makstemperatur,Tid i bevegelse,Medgått tid,Minste høyde,Maksimal høyde
Løping,2022-08-20 19:41:04,false,"Oslo Løping","17.03","1,181","01:37:39","155","176","3.4","163","241","5:44","4:33","291","289","1.06","0.0","0.0","0","0","0","0.0","0","0","0.0","0.0","--","0","0","0","--","0:00","24.0","0:00","Nei","00:09.10.2","18","0.0","01:36:37","01:42:08","36","276"
Styrketrening,2022-08-20 16:37:06,false,"Styrke","0.00","155","00:33:24","94","113","0.2","0","0","--","--","--","--","0.00","0.0","0.0","0","0","0","0.0","0","0","0.0","0.0","--","0","0","5","1","0:00","26.0","0:00","Nei","33:23.74.4","1","0.0","00:33:24","00:33:24","--","--"
Styrketrening,2022-08-19 14:50:23,false,"Styrke","0.00","213","00:50:22","92","125","0.3","0","0","--","--","--","--","0.00","0.0","0.0","0","0","0","0.0","0","0","0.0","0.0","--","0","0","51","5","0:00","26.0","0:00","Nei","50:21.67.4","1","0.0","00:41:56","00:50:22","--","--"
Terrengløp,2022-08-18 17:03:22,false,"Oslo Terrengløp","9.92","668","01:05:59","141","165","2.5","142","186","6:39","4:03","262","260","1.04","0.0","0.0","0","0","0","0.0","0","0","0.0","0.0","--","0","0","0","--","0:00","20.0","0:00","Nei","04:45.95.8","10","0.0","01:05:35","01:11:03","159","388"
Løping,2022-08-16 20:00:47,false,"Oslo Løping","12.37","894","01:08:40","152","169","3.2","165","174","5:33","4:54","109","125","1.09","0.0","0.0","0","0","0","0.0","0","0","0.0","0.0","--","0","0","0","--","0:00","25.0","0:00","Nei","02:23.84.1","13","0.0","01:08:09","03:53:41","29","111"
Styrketrening,2022-08-16 16:38:06,false,"Strength","0.00","298","01:20:29","86","129","0.2","0","0","--","--","--","--","0.00","0.0","0.0","0","0","0","0.0","0","0","0.0","0.0","--","0","0","3","1","0:00","26.0","0:00","Nei","01:20:28.60.4","1","0.0","01:20:29","01:20:29","--","--"
Styrketrening,2022-08-15 18:23:20,false,"Strength","0.00","233","00:48:26","96","140","0.3","0","0","--","--","--","--","0.00","0.0","0.0","0","0","0","0.0","0","0","0.0","0.0","--","0","0","5","1","0:00","26.0","0:00","Nei","48:25.96.9","1","0.0","00:48:26","00:48:26","--","--"
Løping,2022-08-14 17:21:00,false,"Oslo Løping","5.62","360","00:30:08","157","177","2.8","165","174","5:22","4:45","59","48","1.13","0.0","0.0","0","0","0","0.0","0","0","0.0","0.0","--","0","0","0","--","0:00","28.0","0:00","Nei","03:22.25.9","6","0.0","00:29:55","00:32:01","5","44"
Styrketrening,2022-08-14 16:04:20,false,"Strength","0.00","184","00:49:16","86","111","0.2","0","0","--","--","--","--","0.00","0.0","0.0","0","0","0","0.0","0","0","0.0","0.0","--","0","0","15","1","0:00","27.0","0:00","Nei","49:16.18.6","1","0.0","00:49:16","00:49:16","--","--"
Sykling,2022-08-12 21:00:31,false,"Oslo Sykling","5.60","95","00:13:28","112","132","0.4","0","0","24.9","41.9","9","138","0.00","0.0","0.0","0","0","0","0.0","0","0","0.0","0.0","--","0","0","0","--","0:00","24.0","0:00","Nei","01:34.01.7","2","0.0","00:13:23","00:14:54","31","166"
Terrengløp,2022-08-12 18:16:03,false,"Oslo Terrengløp","17.74","1,528","02:28:59","145","168","2.6","126","248","8:24","2:18","532","530","0.95","0.0","0.0","0","0","0","0.0","0","0","0.0","0.0","--","0","0","0","--","0:00","23.0","0:00","Nei","04:09.70.3","18","0.0","02:22:22","02:35:42","170","489"
Sykling,2022-08-12 17:48:13,false,"Oslo Sykling","5.48","190","00:19:09","130","170","2.2","0","0","17.2","27.3","142","5","0.00","0.0","0.0","0","0","0","0.0","0","0","0.0","0.0","--","0","0","0","--","0:00","30.0","0:00","Nei","02:13.60.8","2","0.0","00:18:52","00:21:45","34","173"
Løping,2022-08-11 20:51:26,false,"Oslo Course à pied","7.10","486","00:41:54","147","176","2.9","165","171","5:54","5:12","44","52","1.03","0.0","0.0","0","0","0","0.0","0","0","0.0","0.0","--","0","0","0","--","0:00","25.0","0:00","Nei","00:40.26.8","8","0.0","00:41:41","00:42:08","6","51"
Styrketrening,2022-08-11 19:04:33,false,"Styrke","0.00","205","00:48:28","91","125","0.3","0","0","--","--","--","--","0.00","0.0","0.0","0","0","0","0.0","0","0","0.0","0.0","--","0","0","15","1","0:00","26.0","0:00","Nei","48:27.99.9","1","0.0","00:48:28","00:48:28","--","--"
Styrketrening,2022-08-08 17:16:16,false,"Styrke","0.00","285","01:04:41","94","121","0.3","0","0","--","--","--","--","0.00","0.0","0.0","0","0","0","0.0","0","0","0.0","0.0","--","0","0","17","1","0:00","27.0","0:00","Nei","01:04:40.66.8","1","0.0","01:04:41","01:04:41","--","--"
Sykling,2022-08-07 12:51:09,false,"Hurum Cyclisme","62.12","1,379","02:25:55","141","174","2.8","0","0","25.5","54.7","646","668","0.00","0.0","0.0","0","0","0","0.0","0","0","0.0","0.0","--","0","0","0","--","0:00","19.0","0:00","Nei","06:37.59.6","13","0.0","02:25:07","02:42:19","17","177"
Sykling,2022-08-05 13:07:44,false,"Oslo Cyclisme","63.00","1,616","02:29:25","149","176","3.2","0","0","25.3","54.2","686","628","0.00","0.0","0.0","0","0","0","0.0","0","0","0.0","0.0","--","0","0","0","--","0:00","22.0","0:00","Nei","07:39.58.4","13","0.0","02:28:32","02:57:00","9","176"
Styrketrening,2022-08-04 19:03:18,false,"Styrke","0.00","141","00:36:11","87","123","0.2","0","0","--","--","--","--","0.00","0.0","0.0","0","0","0","0.0","0","0","0.0","0.0","--","0","0","6","1","0:00","25.0","0:00","Nei","36:11.05.8","1","0.0","00:36:11","00:36:11","--","--"
Styrketrening,2022-08-02 16:05:44,false,"Styrke","0.00","327","01:16:48","92","115","0.2","0","0","--","--","--","--","0.00","0.0","0.0","0","0","0","0.0","0","0","0.0","0.0","--","0","0","5","1","0:00","27.0","0:00","Nei","01:16:47.73.8","1","0.0","01:16:48","01:16:48","--","--"
Styrketrening,2022-08-01 16:33:02,false,"Styrke","0.00","248","00:57:02","93","119","0.2","0","0","--","--","--","--","0.00","0.0","0.0","0","0","0","0.0","0","0","0.0","0.0","--","0","0","4","1","0:00","25.0","0:00","Nei","57:01.95.9","1","0.0","00:57:02","00:57:02","--","--"
Styrketrening,2022-07-31 17:45:45,false,"Styrke","0.00","109","00:27:16","88","120","0.2","0","0","--","--","--","--","0.00","0.0","0.0","0","0","0","0.0","0","0","0.0","0.0","--","0","0","14","1","0:00","25.0","0:00","Nei","27:15.57.7","1","0.0","00:27:16","00:27:16","--","--"
Terrengløp,2022-07-30 10:28:29,false,"Oslo Trail","21.54","1,968","03:32:13","144","166","3.1","115","245","9:51","2:59","864","837","0.89","0.0","0.0","0","0","0","0.0","0","0","0.0","0.0","--","0","0","0","--","0:00","23.0","0:00","Nei","04:14.60","22","0.0","03:19:13","03:59:49","254","442"
Styrketrening,2022-07-29 17:14:23,false,"Styrke","0.00","106","00:34:05","81","102","0.1","0","0","--","--","--","--","0.00","0.0","0.0","0","0","0","0.0","0","0","0.0","0.0","--","0","0","4","1","0:00","26.0","0:00","Nei","34:04.52.5","1","0.0","00:34:05","00:34:05","--","--"
Styrketrening,2022-07-27 21:10:47,false,"Styrke","0.00","142","00:29:27","95","112","0.2","0","0","--","--","--","--","0.00","0.0","0.0","0","0","0","0.0","0","0","0.0","0.0","--","0","0","10","1","0:00","28.0","0:00","Nei","29:26.58.8","1","0.0","00:29:27","00:29:27","--","--"
Sykling,2022-07-26 21:55:21,false,"Oslo Cyclisme","6.33","129","00:14:58","121","155","1.0","0","0","25.4","40.6","21","100","0.00","0.0","0.0","0","0","0","0.0","0","0","0.0","0.0","--","0","0","0","--","0:00","23.0","0:00","Nei","03:24.67.9","2","0.0","00:14:54","00:14:58","22","107"
Sykling,2022-07-26 19:49:09,false,"Oslo Cyclisme","1.01","39","00:03:58.5","127","141","0.4","0","0","15.2","21.4","18","--","0.00","0.0","0.0","0","0","0","0.0","0","0","0.0","0.0","--","0","0","0","--","0:00","27.0","0:00","Nei","03:58.47.3","1","0.0","00:03:55","00:04:03.5","97","116"
Løping innendørs,2022-07-26 18:38:07,false,"Course en salle","1.47","789","00:56:15","169","193","4.1","43","248","38:19","2:13","--","--","0.60","0.0","0.0","0","0","0","0.0","0","0","0.0","0.0","--","0","0","0","--","0:00","23.0","0:00","Nei","14:07.42.7","2","0.0","00:12:56","00:58:38","--","--"
Sykling,2022-07-26 17:46:55,false,"Oslo Cyclisme","6.57","208","00:18:57","135","166","2.2","0","0","20.8","33.7","91","22","0.00","0.0","0.0","0","0","0","0.0","0","0","0.0","0.0","--","0","0","0","--","0:00","26.0","0:00","Nei","04:38.67.1","2","0.0","00:18:40","00:19:55","34","103"
Løping,2022-07-25 18:48:43,false,"Oslo Course à pied","7.01","520","00:38:55","153","176","3.5","170","216","5:33","5:03","44","49","1.06","0.0","0.0","0","0","0","0.0","0","0","0.0","0.0","--","0","0","0","--","0:00","23.0","0:00","Nei","00:01.67.7","8","0.0","00:38:49","00:40:34","80","123"
Styrketrening,2022-07-25 13:37:32,false,"Styrke","0.00","364","00:58:44","108","154","1.0","0","0","--","--","--","--","0.00","0.0","0.0","0","0","0","0.0","0","0","0.0","0.0","--","0","0","16","1","0:00","25.0","0:00","Nei","58:44.10.4","1","0.0","00:58:44","00:58:44","--","--"
Sykling,2022-07-24 10:20:19,false,"Oslo Cyclisme","55.64","1,245","02:30:50","135","185","3.0","0","0","22.1","67.0","590","594","0.00","0.0","0.0","0","0","0","0.0","0","0","0.0","0.0","--","0","0","0","--","0:00","18.0","0:00","Nei","02:07.53.9","12","0.0","02:29:22","03:15:00","51","284"
Styrketrening,2022-07-23 18:39:46,false,"Styrke","0.00","219","00:39:45","102","138","0.6","0","0","--","--","--","--","0.00","0.0","0.0","0","0","0","0.0","0","0","0.0","0.0","--","0","0","13","1","0:00","29.0","0:00","Nei","39:45.05.1","1","0.0","00:39:45","00:39:45","--","--"
Styrketrening,2022-07-22 17:30:47,false,"Styrke","0.00","306","01:00:55","100","135","0.5","0","0","--","--","--","--","0.00","0.0","0.0","0","0","0","0.0","0","0","0.0","0.0","--","0","0","17","4","0:00","26.0","0:00","Nei","01:00:55.45","1","0.0","00:56:25","01:00:55","--","--"
Løping,2022-07-20 19:54:00,false,"Oslo Løping","14.01","992","01:23:40","155","186","3.3","164","175","5:58","5:13","139","117","1.02","0.0","0.0","0","0","0","0.0","0","0","0.0","0.0","--","0","0","0","--","0:00","27.0","0:00","Nei","00:01.60.6","15","0.0","01:23:09","01:33:31","17","87"
Sykling,2022-07-18 16:23:56,false,"Oslo Sykling","5.94","165","00:17:35","125","166","2.1","0","0","20.3","36.8","51","79","0.00","0.0","0.0","0","0","0","0.0","0","0","0.0","0.0","--","0","0","0","--","0:00","27.0","0:00","Nei","02:49.47.9","2","0.0","00:17:17","00:18:19","12","81"
Sykling,2022-07-18 15:56:35,false,"Oslo Sykling","5.93","199","00:17:42","138","180","2.6","0","0","20.1","34.3","81","37","0.00","0.0","0.0","0","0","0","0.0","0","0","0.0","0.0","--","0","0","0","--","0:00","27.0","0:00","Nei","03:31.50.1","2","0.0","00:17:19","00:19:04","10","83"
Sykling,2022-07-17 12:06:36,false,"Oslo Sykling","24.99","742","01:05:08","142","180","3.3","0","0","23.0","56.5","280","259","0.00","0.0","0.0","0","0","0","0.0","0","0","0.0","0.0","--","0","0","0","--","0:00","22.0","0:00","Nei","10:32.28.1","5","0.0","01:04:29","03:40:32","7","165"
Styrketrening,2022-07-16 14:44:14,false,"Styrke","0.00","147","00:37:43","89","129","0.3","0","0","--","--","--","--","0.00","0.0","0.0","0","0","0","0.0","0","0","0.0","0.0","--","0","0","23","5","0:00","26.0","0:00","Nei","37:42.65.8","1","0.0","00:32:03","00:37:43","--","--"
Styrketrening,2022-07-14 19:50:30,false,"Styrke","0.00","146","00:40:51","85","100","0.2","0","0","--","--","--","--","0.00","0.0","0.0","0","0","0","0.0","0","0","0.0","0.0","--","0","0","6","1","0:00","25.0","0:00","Nei","40:50.64.5","1","0.0","00:40:51","00:40:51","--","--"
Løping,2022-07-13 16:38:56,false,"Elverum Løping","7.03","438","00:41:04","149","168","2.6","165","176","5:50","5:17","25","12","1.04","0.0","0.0","0","0","0","0.0","0","0","0.0","0.0","--","0","0","0","--","0:00","24.0","0:00","Nei","00:10.86.8","8","0.0","00:40:44","00:42:16","212","223"
Styrketrening,2022-07-11 16:47:59,false,"Styrke","0.00","384","01:32:15","92","120","0.3","0","0","--","--","--","--","0.00","0.0","0.0","0","0","0","0.0","0","0","0.0","0.0","--","0","0","14","1","0:00","26.0","0:00","Nei","01:32:15.18.6","1","0.0","01:32:15","01:32:15","--","--"
Terrengløp,2022-07-10 16:46:16,false,"Elverum Terrengløp","11.00","837","01:23:15","157","187","4.5","141","241","7:34","4:15","555","551","0.92","0.0","0.0","0","0","0","0.0","0","0","0.0","0.0","--","0","0","0","--","0:00","24.0","0:00","Nei","04:36.53.3","11","0.0","01:22:46","01:35:22","206","760"
Styrketrening,2022-07-09 20:05:22,false,"Styrke","0.00","150","00:41:57","86","106","0.2","0","0","--","--","--","--","0.00","0.0","0.0","0","0","0","0.0","0","0","0.0","0.0","--","0","0","31","4","0:00","26.0","0:00","Nei","41:56.77.3","1","0.0","00:36:16","00:41:57","--","--"
Løping,2022-07-08 15:00:12,false,"Torsby Løping","7.50","614","00:44:48","154","180","4.2","163","218","5:58","4:17","134","130","1.02","0.0","0.0","0","0","0","0.0","0","0","0.0","0.0","--","0","0","0","--","0:00","26.0","0:00","Nei","02:28.68.2","8","0.0","00:44:03","00:48:09","234","361"
Styrketrening,2022-07-05 20:25:01,false,"Styrke","0.00","151","00:39:09","87","103","0.2","0","0","--","--","--","--","0.00","0.0","0.0","0","0","0","0.0","0","0","0.0","0.0","--","0","0","9","1","0:00","26.0","0:00","Nei","39:08.97.8","1","0.0","00:39:09","00:39:09","--","--"
Styrketrening,2022-07-04 16:31:29,false,"Styrke","0.00","344","01:04:23","102","128","0.6","0","0","--","--","--","--","0.00","0.0","0.0","0","0","0","0.0","0","0","0.0","0.0","--","0","0","11","1","0:00","22.0","0:00","Nei","01:04:22.74","1","0.0","01:04:23","01:04:23","--","--"
Løping,2022-07-03 21:15:54,false,"Elverum Løping","3.50","244","00:18:58","148","172","3.1","167","178","5:25","4:50","8","9","1.11","0.0","0.0","0","0","0","0.0","0","0","0.0","0.0","--","0","0","0","--","0:00","23.0","0:00","Nei","02:38.74.4","4","0.0","00:18:34","00:21:16","209","217"
Styrketrening,2022-07-03 13:22:29,false,"Styrke","0.00","141","00:37:19","87","131","0.3","0","0","--","--","--","--","0.00","0.0","0.0","0","0","0","0.0","0","0","0.0","0.0","--","0","0","10","1","0:00","26.0","0:00","Nei","37:19.23.7","1","0.0","00:37:19","00:37:19","--","--"
Styrketrening,2022-07-01 12:58:48,false,"Styrke","0.00","251","00:56:39","94","135","0.4","0","0","--","--","--","--","0.00","0.0","0.0","0","0","0","0.0","0","0","0.0","0.0","--","0","0","4","1","0:00","24.0","0:00","Nei","56:39.40.6","1","0.0","00:56:39","00:56:39","--","--"
Styrketrening,2022-06-30 21:08:00,false,"Styrke","0.00","219","00:40:11","103","126","0.5","0","0","--","--","--","--","0.00","0.0","0.0","0","0","0","0.0","0","0","0.0","0.0","--","0","0","18","1","0:00","29.0","0:00","Nei","40:10.51.6","1","0.0","00:40:11","00:40:11","--","--"
Styrketrening,2022-06-16 20:45:00,false,"Styrke","0.00","352","01:11:15","97","149","0.6","0","0","--","--","--","--","0.00","0.0","0.0","0","0","0","0.0","0","0","0.0","0.0","--","0","0","7","1","0:00","27.0","0:00","Nei","01:11:15.30.9","1","0.0","01:11:15","01:11:15","--","--"
Styrketrening,2022-06-15 14:35:10,false,"Styrke","0.00","286","00:54:21","99","127","0.4","0","0","--","--","--","--","0.00","0.0","0.0","0","0","0","0.0","0","0","0.0","0.0","--","0","0","4","1","0:00","26.0","0:00","Nei","54:20.96.6","1","0.0","00:54:21","00:54:21","--","--"
Styrketrening,2022-06-13 13:52:09,false,"Styrke","0.00","322","01:08:35","95","120","0.3","0","0","--","--","--","--","0.00","0.0","0.0","0","0","0","0.0","0","0","0.0","0.0","--","0","0","6","1","0:00","26.0","0:00","Nei","01:08:35.13.9","1","0.0","01:08:35","01:08:35","--","--"
Styrketrening,2022-06-11 13:14:52,false,"Styrke","0.00","236","00:48:27","95","117","0.3","0","0","--","--","--","--","0.00","0.0","0.0","0","0","0","0.0","0","0","0.0","0.0","--","0","0","11","1","0:00","26.0","0:00","Nei","48:27.03.9","1","0.0","00:48:27","00:48:27","--","--"
Gåtur,2022-06-09 18:30:30,false,"Oslo Gåtur","5.69","386","01:07:30","84","106","0.4","103","157","11:51","8:59","65","60","0.82","0.0","0.0","0","0","0","0.0","0","0","0.0","0.0","--","0","0","0","--","0:00","23.0","0:00","Nei","07:47.40.3","6","0.0","01:03:38","01:16:09","12","46"
Styrketrening,2022-06-09 14:14:11,false,"Styrke","0.00","252","00:45:27","101","131","0.3","0","0","--","--","--","--","0.00","0.0","0.0","0","0","0","0.0","0","0","0.0","0.0","--","0","0","16","2","0:00","27.0","0:00","Nei","45:26.81.1","1","0.0","00:45:13","00:45:28","--","--"
Styrketrening,2022-06-08 12:44:08,false,"Styrke","0.00","332","01:06:08","98","138","0.4","0","0","--","--","--","--","0.00","0.0","0.0","0","0","0","0.0","0","0","0.0","0.0","--","0","0","4","1","0:00","23.0","0:00","Nei","01:06:07.92.5","1","0.0","01:06:08","01:06:08","--","--"
Sykling,2022-06-07 19:11:37,false,"Oslo Sykling","6.77","235","00:20:19","137","161","2.1","0","0","20.0","37.3","50","30","0.00","0.0","0.0","0","0","0","0.0","0","0","0.0","0.0","--","0","0","0","--","0:00","24.0","0:00","Nei","06:13.75.2","2","0.0","00:20:17","00:20:19","12","44"
Innendørssykling,2022-06-07 18:00:30,false,"Innendørssykling","0.00","784","00:53:00","168","193","4.3","0","0","--","--","--","--","0.00","0.0","0.0","0","0","0","0.0","0","0","0.0","0.0","--","0","0","0","--","0:00","22.0","0:00","Nei","12:55.00.4","2","0.0","00:00:00","00:53:00","--","--"
Sykling,2022-06-07 17:09:25,false,"Oslo Sykling","5.32","165","00:13:45","138","174","2.3","0","0","23.2","34.6","41","55","0.00","0.0","0.0","0","0","0","0.0","0","0","0.0","0.0","--","0","0","0","--","0:00","27.0","0:00","Nei","01:26.47.8","2","0.0","00:13:32","00:14:37","6","42"
Styrketrening,2022-06-06 13:04:47,false,"Styrke","0.00","279","01:04:11","92","138","0.4","0","0","--","--","--","--","0.00","0.0","0.0","0","0","0","0.0","0","0","0.0","0.0","--","0","0","2","1","0:00","27.0","0:00","Nei","01:04:10.84","1","0.0","01:04:11","01:04:11","--","--"
Sykling,2022-06-04 09:51:25,false,"Oslo Sykling","34.44","1,195","01:45:42","146","187","4.3","0","0","19.5","59.3","709","695","0.00","0.0","0.0","0","0","0","0.0","0","0","0.0","0.0","--","0","0","0","--","0:00","17.0","0:00","Nei","07:08.78.9","7","0.0","01:44:44","02:59:16","8","545"
Styrketrening,2022-06-03 16:31:20,false,"Styrke","0.00","86","00:20:08","89","111","0.1","0","0","--","--","--","--","0.00","0.0","0.0","0","0","0","0.0","0","0","0.0","0.0","--","0","0","8","1","0:00","26.0","0:00","Nei","20:08.30.7","1","0.0","00:20:08","00:20:08","--","--"
Styrketrening,2022-06-01 17:21:47,false,"Styrke","0.00","221","01:13:40","79","120","0.2","0","0","--","--","--","--","0.00","0.0","0.0","0","0","0","0.0","0","0","0.0","0.0","--","0","0","13","1","0:00","24.0","0:00","Nei","01:13:39.58.1","1","0.0","01:13:40","01:13:40","--","--"
Styrketrening,2022-05-31 20:59:09,false,"Styrke","0.00","470","01:32:56","102","127","0.5","0","0","--","--","--","--","0.00","0.0","0.0","0","0","0","0.0","0","0","0.0","0.0","--","0","0","4","1","0:00","25.0","0:00","Nei","01:32:55.64.3","1","0.0","01:32:56","01:32:56","--","--"
Styrketrening,2022-05-29 18:24:35,false,"Styrke","0.00","227","00:50:13","93","123","0.2","0","0","--","--","--","--","0.00","0.0","0.0","0","0","0","0.0","0","0","0.0","0.0","--","0","0","12","1","0:00","25.0","0:00","Nei","50:13.16.2","1","0.0","00:50:13","00:50:13","--","--"
Styrketrening,2022-05-26 16:00:44,false,"Styrke","0.00","313","01:05:51","96","125","0.3","0","0","--","--","--","--","0.00","0.0","0.0","0","0","0","0.0","0","0","0.0","0.0","--","0","0","4","1","0:00","26.0","0:00","Nei","01:05:51.05.5","1","0.0","01:05:51","01:05:51","--","--"
Styrketrening,2022-05-24 18:17:49,false,"Styrke","0.00","551","01:43:44","104","137","0.6","0","0","--","--","--","--","0.00","0.0","0.0","0","0","0","0.0","0","0","0.0","0.0","--","0","0","5","1","0:00","25.0","0:00","Nei","01:43:44.37.2","1","0.0","01:43:44","01:43:44","--","--"
Sykling,2022-05-24 17:36:12,false,"Oslo Sykling","2.66","77","00:10:26","111","142","0.4","0","0","15.3","26.1","39","35","0.00","0.0","0.0","0","0","0","0.0","0","0","0.0","0.0","--","0","0","0","--","0:00","20.0","0:00","Nei","10:25.65.5","1","0.0","00:10:12","00:11:13","60","80"
Sykling,2022-05-24 09:53:45,false,"Oslo Sykling","4.46","145","00:15:00","126","146","1.4","0","0","17.8","27.9","44","36","0.00","0.0","0.0","0","0","0","0.0","0","0","0.0","0.0","--","0","0","0","--","0:00","20.0","0:00","Nei","14:59.71.6","1","0.0","00:14:34","00:20:53","15","46"
Styrketrening,2022-05-23 16:59:30,false,"Styrke","0.00","217","00:51:10","91","111","0.2","0","0","--","--","--","--","0.00","0.0","0.0","0","0","0","0.0","0","0","0.0","0.0","--","0","0","7","1","0:00","24.0","0:00","Nei","51:09.75.6","1","0.0","00:51:10","00:51:10","--","--"
Sykling,2022-05-22 11:46:52,false,"Oslo Sykling","69.07","1,543","02:51:43","134","179","2.9","0","0","24.1","54.7","510","493","0.00","0.0","0.0","0","0","0","0.0","0","0","0.0","0.0","--","0","0","0","--","0:00","16.0","0:00","Nei","10:05.96.6","14","0.0","02:50:05","03:54:04","-2","39"
Løping,2022-05-21 19:10:39,false,"Oslo Løping","7.33","562","00:42:16","152","174","3.1","167","184","5:46","4:43","52","54","1.04","0.0","0.0","0","0","0","0.0","0","0","0.0","0.0","--","0","0","0","--","0:00","20.0","0:00","Nei","01:57.25","8","0.0","00:42:03","00:45:22","4","52"
Styrketrening,2022-05-21 17:27:21,false,"Styrke","0.00","378","01:10:59","102","134","0.4","0","0","--","--","--","--","0.00","0.0","0.0","0","0","0","0.0","0","0","0.0","0.0","--","0","0","6","1","0:00","23.0","0:00","Nei","01:10:59.35.6","1","0.0","01:10:59","01:10:59","--","--"
Sykling,2022-05-20 14:13:26,false,"Oslo Sykling","35.78","1,004","01:30:34","148","184","3.3","0","0","23.7","61.9","395","390","0.00","0.0","0.0","0","0","0","0.0","0","0","0.0","0.0","--","0","0","0","--","0:00","18.0","0:00","Nei","02:12.61","8","0.0","01:29:39","02:23:30","7","228"
Sykling,2022-05-19 19:42:05,false,"Oslo Sykling","3.01","108","00:10:29","128","145","1.1","0","0","17.2","30.0","48","13","0.00","0.0","0.0","0","0","0","0.0","0","0","0.0","0.0","--","0","0","0","--","0:00","23.0","0:00","Nei","10:29.48.1","1","0.0","00:10:25","00:10:54","40","75"
Styrketrening,2022-05-19 18:22:57,false,"Styrke","0.00","292","01:00:14","97","126","0.3","0","0","--","--","--","--","0.00","0.0","0.0","0","0","0","0.0","0","0","0.0","0.0","--","0","0","4","1","0:00","27.0","0:00","Nei","01:00:13.75.6","1","0.0","01:00:14","01:00:14","--","--"
Sykling,2022-05-19 17:35:34,false,"Oslo Sykling","2.95","60","00:09:51.4","103","122","0.2","0","0","18.0","33.3","10","36","0.00","0.0","0.0","0","0","0","0.0","0","0","0.0","0.0","--","0","0","0","--","0:00","23.0","0:00","Nei","09:51.42.9","1","0.0","00:09:43","00:10:19","10","39"
Løping,2022-05-18 19:04:56,false,"Oslo Løping","2.38","172","00:15:06","134","157","2.0","162","180","6:20","5:41","39","5","0.98","0.0","0.0","0","0","0","0.0","0","0","0.0","0.0","--","0","0","0","--","0:00","19.0","0:00","Nei","02:42.17.5","3","0.0","00:14:37","00:22:07","36","65"
Styrketrening,2022-05-18 13:10:51,false,"Styrke","0.00","273","00:54:48","98","117","0.2","0","0","--","--","--","--","0.00","0.0","0.0","0","0","0","0.0","0","0","0.0","0.0","--","0","0","14","1","0:00","25.0","0:00","Nei","54:47.75","1","0.0","00:54:48","00:54:48","--","--"
Styrketrening,2022-05-16 15:36:14,false,"Styrke","0.00","216","00:39:44","101","119","0.3","0","0","--","--","--","--","0.00","0.0","0.0","0","0","0","0.0","0","0","0.0","0.0","--","0","0","8","2","0:00","26.0","0:00","Nei","39:43.58.3","1","0.0","00:16:32","00:39:44","--","--"
Sykling,2022-05-15 08:40:48,false,"Oslo Sykling","204.42","4,179","07:49:52","137","179","3.6","0","0","26.1","71.9","1,618","1,588","0.00","0.0","0.0","0","0","0","0.0","0","0","0.0","0.0","--","0","0","0","--","0:00","13.0","0:00","Nei","08:31.10.6","41","0.0","07:35:54","11:38:07","-1","189"
Styrketrening,2022-05-12 21:17:04,false,"Styrke","0.00","247","00:48:38","99","139","0.4","0","0","--","--","--","--","0.00","0.0","0.0","0","0","0","0.0","0","0","0.0","0.0","--","0","0","6","1","0:00","23.0","0:00","Nei","48:37.73.8","1","0.0","00:48:38","00:48:38","--","--"
Løping,2022-05-12 15:48:09,false,"Oslo Løping","5.88","425","00:31:53","159","183","3.4","145","188","5:25","0:53","47","44","1.26","0.0","0.0","0","0","0","0.0","0","0","0.0","0.0","--","0","0","0","--","0:00","23.0","0:00","Nei","00:10.99.4","13","0.0","00:27:00","00:35:43","27","42"
Styrketrening,2022-05-11 21:02:20,false,"Styrke","0.00","275","01:19:17","85","130","0.3","0","0","--","--","--","--","0.00","0.0","0.0","0","0","0","0.0","0","0","0.0","0.0","--","0","0","6","1","0:00","21.0","0:00","Nei","01:19:16.76.6","1","0.0","01:19:17","01:19:17","--","--"
Styrketrening,2022-05-10 17:30:06,false,"Styrke","0.00","415","01:40:32","93","117","0.2","0","0","--","--","--","--","0.00","0.0","0.0","0","0","0","0.0","0","0","0.0","0.0","--","0","0","9","1","0:00","23.0","0:00","Nei","01:40:31.73","1","0.0","01:40:32","01:40:32","--","--"
Sykling,2022-05-09 17:48:54,false,"Oslo Sykling","48.17","1,158","01:57:42","140","176","3.0","0","0","24.6","51.9","333","321","0.00","0.0","0.0","0","0","0","0.0","0","0","0.0","0.0","--","0","0","0","--","0:00","13.0","0:00","Nei","08:40.98.9","10","0.0","01:56:53","02:21:45","11","65"
Løping,2022-05-08 20:35:14,false,"Oslo Løping","7.56","540","00:43:59","144","171","3.0","171","184","5:49","4:44","78","75","1.01","0.0","0.0","0","0","0","0.0","0","0","0.0","0.0","--","0","0","0","--","0:00","20.0","0:00","Nei","02:49.07.4","8","0.0","00:43:27","00:45:28","8","66"
Styrketrening,2022-05-08 19:29:20,false,"Styrke","0.00","221","00:51:42","92","117","0.2","0","0","--","--","--","--","0.00","0.0","0.0","0","0","0","0.0","0","0","0.0","0.0","--","0","0","8","1","0:00","24.0","0:00","Nei","51:42.01.6","1","0.0","00:51:42","00:51:42","--","--"
Sykling,2022-05-07 17:15:11,false,"Oslo Sykling","3.29","121","00:12:09","129","161","1.4","0","0","16.2","32.0","41","16","0.00","0.0","0.0","0","0","0","0.0","0","0","0.0","0.0","--","0","0","0","--","0:00","23.0","0:00","Nei","12:09.47.4","1","0.0","00:11:51","00:12:37","2","39"
Sykling,2022-05-07 11:42:51,false,"Oslo Sykling","69.11","1,648","02:51:51","142","182","3.2","0","0","24.1","60.9","715","706","0.00","0.0","0.0","0","0","0","0.0","0","0","0.0","0.0","--","0","0","0","--","0:00","15.0","0:00","Nei","10:01.83.8","14","0.0","02:50:39","04:29:53","1","170"
Styrketrening,2022-05-05 21:23:16,false,"Styrke","0.00","259","00:52:44","98","123","0.3","0","0","--","--","--","--","0.00","0.0","0.0","0","0","0","0.0","0","0","0.0","0.0","--","0","0","10","1","0:00","26.0","0:00","Nei","52:44.15.6","1","0.0","00:52:44","00:52:44","--","--"
Løping,2022-05-05 16:15:20,false,"Oslo Løping","5.84","459","00:42:09","142","191","3.1","133","207","7:13","2:27","12","16","1.08","0.0","0.0","0","0","0","0.0","0","0","0.0","0.0","--","0","0","0","--","0:00","22.0","0:00","Nei","00:10.43.9","27","0.0","00:36:37","00:53:00","-20","-5"
Sykling,2022-05-04 14:59:38,false,"Oslo Sykling","29.07","822","01:23:11","135","172","2.5","0","0","21.0","53.4","336","333","0.00","0.0","0.0","0","0","0","0.0","0","0","0.0","0.0","--","0","0","0","--","0:00","17.0","0:00","Nei","11:40.61.7","6","0.0","01:22:35","04:34:23","14","175"
Sykling,2022-05-04 08:58:15,false,"Oslo Sykling","2.73","103","00:10:09","128","150","1.3","0","0","16.1","25.8","42","29","0.00","0.0","0.0","0","0","0","0.0","0","0","0.0","0.0","--","0","0","0","--","0:00","16.0","0:00","Nei","10:09.20.6","1","0.0","00:10:04","00:10:26","31","53"
Sykling,2022-05-03 18:25:07,false,"Ås Sykling","18.58","404","00:36:24","148","180","3.1","0","0","30.6","52.8","94","135","0.00","0.0","0.0","0","0","0","0.0","0","0","0.0","0.0","--","0","0","0","--","0:00","15.0","0:00","Nei","08:23.40.4","4","0.0","00:36:19","00:37:41","-9","53"
Sykling,2022-05-03 16:46:50,false,"Oslo Sykling","22.66","594","00:52:43","141","174","3.3","0","0","25.8","42.6","140","124","0.00","0.0","0.0","0","0","0","0.0","0","0","0.0","0.0","--","0","0","0","--","0:00","15.0","0:00","Nei","05:29.00.6","5","0.0","00:51:32","01:29:48","23","71"
Sykling,2022-05-03 15:29:20,false,"Oslo Sykling","2.70","74","00:09:25.0","115","138","0.6","0","0","17.2","25.8","35","37","0.00","0.0","0.0","0","0","0","0.0","0","0","0.0","0.0","--","0","0","0","--","0:00","21.0","0:00","Nei","09:25.00.7","1","0.0","00:09:22","00:10:46","44","65"
Sykling,2022-05-03 08:02:48,false,"Oslo Sykling","2.65","74","00:09:25.6","114","132","0.6","0","0","16.8","25.7","41","33","0.00","0.0","0.0","0","0","0","0.0","0","0","0.0","0.0","--","0","0","0","--","0:00","16.0","0:00","Nei","09:25.61.4","1","0.0","00:09:11","00:10:14","30","53"
Løping,2022-05-02 20:50:37,false,"Oslo Løping","7.00","570","00:41:50","154","168","3.8","167","175","5:58","5:15","75","77","1.00","0.0","0.0","0","0","0","0.0","0","0","0.0","0.0","--","0","0","0","--","0:00","17.0","0:00","Nei","00:01.15.9","8","0.0","00:41:39","00:42:00","19","63"
Styrketrening,2022-05-02 18:21:49,false,"Styrke","0.00","324","00:51:56","109","133","0.7","0","0","--","--","--","--","0.00","0.0","0.0","0","0","0","0.0","0","0","0.0","0.0","--","0","0","8","1","0:00","26.0","0:00","Nei","51:56.12.6","1","0.0","00:51:56","00:51:56","--","--"
Gåtur,2022-05-02 08:23:15,false,"Oslo Gåtur","2.09","146","00:22:06","102","132","0.7","118","129","10:33","7:19","29","20","0.80","0.0","0.0","0","0","0","0.0","0","0","0.0","0.0","--","0","0","0","--","0:00","18.0","0:00","Nei","01:01.64.4","3","0.0","00:22:02","00:22:06","26","51"
Sykling,2022-05-01 19:16:53,false,"Oslo Sykling","12.37","337","00:28:39","144","174","2.7","0","0","25.9","54.8","76","190","0.00","0.0","0.0","0","0","0","0.0","0","0","0.0","0.0","--","0","0","0","--","0:00","18.0","0:00","Nei","07:27.12.7","3","0.0","00:28:24","00:30:14","-2","162"
Sykling,2022-05-01 15:59:12,false,"Oslo Sykling","12.36","469","00:35:08","153","186","3.9","0","0","21.1","39.7","199","79","0.00","0.0","0.0","0","0","0","0.0","0","0","0.0","0.0","--","0","0","0","--","0:00","20.0","0:00","Nei","07:01.80.5","3","0.0","00:34:49","00:39:00","11","165"
Styrketrening,2022-04-30 15:31:30,false,"Styrke","0.00","263","01:01:10","92","124","0.4","0","0","--","--","--","--","0.00","0.0","0.0","0","0","0","0.0","0","0","0.0","0.0","--","0","0","4","1","0:00","25.0","0:00","Nei","01:01:10.20.2","1","0.0","01:01:10","01:01:10","--","--"
Styrketrening,2022-04-29 13:08:00,false,"Styrke","0.00","182","00:40:01","94","118","0.3","0","0","--","--","--","--","0.00","0.0","0.0","0","0","0","0.0","0","0","0.0","0.0","--","0","0","8","1","0:00","25.0","0:00","Nei","40:01.11.8","1","0.0","00:40:01","00:40:01","--","--"
Løping,2022-04-28 16:58:45,false,"Oslo Løping","3.75","371","00:30:19","153","186","3.1","123","248","8:04","1:11","33","35","1.14","0.0","0.0","0","0","0","0.0","0","0","0.0","0.0","--","0","0","0","--","0:00","18.0","0:00","Nei","00:15.06.2","18","0.0","00:26:12","00:30:23","-24","-10"
Løping,2022-04-28 16:26:52,false,"Oslo Sykling","3.08","248","00:19:29","146","182","3.1","0","0","6:20","2:32","12","7","0.00","0.0","0.0","0","0","0","0.0","0","0","0.0","0.0","--","0","0","0","--","0:00","18.0","0:00","Nei","19:28.95.9","1","0.0","00:18:45","00:29:05","-14","-6"
Styrketrening,2022-04-27 13:17:05,false,"Styrke","0.00","238","00:55:07","92","127","0.5","0","0","--","--","--","--","0.00","0.0","0.0","0","0","0","0.0","0","0","0.0","0.0","--","0","0","3","1","0:00","24.0","0:00","Nei","55:07.34.7","1","0.0","00:55:07","00:55:07","--","--"
Styrketrening,2022-04-26 15:15:27,false,"Styrke","0.00","236","00:48:13","97","134","0.4","0","0","--","--","--","--","0.00","0.0","0.0","0","0","0","0.0","0","0","0.0","0.0","--","0","0","4","2","0:00","25.0","0:00","Nei","48:13.13.1","1","0.0","00:43:30","00:48:14","--","--"
Sykling,2022-04-24 21:28:41,false,"Oslo Sykling","3.03","108","00:10:25","128","156","1.6","0","0","17.4","27.9","38","19","0.00","0.0","0.0","0","0","0","0.0","0","0","0.0","0.0","--","0","0","0","--","0:00","19.0","0:00","Nei","10:25.27.3","1","0.0","00:10:13","00:10:37","30","59"
Sykling,2022-04-24 10:17:39,false,"Oslo Sykling","136.50","3,639","06:26:56","140","182","3.7","0","0","21.2","56.5","1,283","1,270","0.00","0.0","0.0","0","0","0","0.0","0","0","0.0","0.0","--","0","0","0","--","0:00","13.0","0:00","Nei","06:05.50.6","28","0.0","06:06:18","09:52:16","7","249"
Sykling,2022-04-20 08:49:14,false,"Oslo Sykling","2.46","83","00:09:25.1","119","149","0.8","0","0","15.7","27.3","44","36","0.00","0.0","0.0","0","0","0","0.0","0","0","0.0","0.0","--","0","0","0","--","0:00","21.0","0:00","Nei","09:25.07.2","1","0.0","00:09:17","00:10:14","48","81"
Sykling,2022-04-18 12:34:04,false,"Oslo Sykling","76.54","2,186","03:19:15","151","183","4.5","0","0","23.1","48.8","632","605","0.00","0.0","0.0","0","0","0","0.0","0","0","0.0","0.0","--","0","0","0","--","0:00","14.0","0:00","Nei","05:58.97.6","16","0.0","03:17:13","04:15:01","1","106"
Gåtur,2022-04-14 14:14:35,false,"Tysvær Gåtur","4.19","453","01:11:55","110","143","1.5","78","229","17:11","3:05","210","221","0.72","0.0","0.0","0","0","0","0.0","0","0","0.0","0.0","--","0","0","0","--","0:00","21.0","0:00","Nei","00:58.33","5","0.0","01:02:05","01:14:21","-4","212"
Styrketrening,2022-03-31 16:31:12,false,"Styrke","0.00","552","01:44:24","106","122","0.6","0","0","--","--","--","--","0.00","0.0","0.0","0","0","0","0.0","0","0","0.0","0.0","--","0","0","4","1","0:00","28.0","0:00","Nei","01:44:23.99.9","1","0.0","01:44:24","01:44:24","--","--"
Sykling,2022-03-31 09:11:57,false,"Oslo Sykling","2.73","89","00:08:58.1","125","147","1.2","0","0","18.2","27.3","46","35","0.00","0.0","0.0","0","0","0","0.0","0","0","0.0","0.0","--","0","0","0","--","0:00","16.0","0:00","Nei","08:58.09.6","1","0.0","00:08:50","00:08:58.1","-26","4"
Styrketrening,2022-03-29 20:38:39,false,"Styrke","0.00","212","00:55:00","87","155","0.6","0","0","--","--","--","--","0.00","0.0","0.0","0","0","0","0.0","0","0","0.0","0.0","--","0","0","12","2","0:00","25.0","0:00","Nei","55:00.31.6","1","0.0","00:43:33","00:55:08","--","--"
Styrketrening,2022-03-28 18:11:50,false,"Styrke","0.00","249","00:58:35","91","123","0.3","0","0","--","--","--","--","0.00","0.0","0.0","0","0","0","0.0","0","0","0.0","0.0","--","0","0","8","1","0:00","26.0","0:00","Nei","58:35.02.1","1","0.0","00:58:35","00:58:35","--","--"
Løping,2022-03-19 17:38:06,false,"Oslo Løping","7.49","517","00:53:44","126","173","2.2","144","234","7:10","4:31","79","78","0.96","0.0","0.0","0","0","0","0.0","0","0","0.0","0.0","--","0","0","0","--","0:00","13.0","0:00","Nei","03:59.74.2","8","0.0","00:53:08","00:57:44","8","62"
Sykling,2022-03-16 08:40:21,false,"Oslo Sykling","2.46","87","00:09:52.0","120","142","0.8","0","0","14.9","25.5","44","36","0.00","0.0","0.0","0","0","0","0.0","0","0","0.0","0.0","--","0","0","0","--","0:00","21.0","0:00","Nei","09:51.99.4","1","0.0","00:09:13","00:09:52.0","41","74"
Løping på tredemølle,2022-03-14 20:05:43,false,"Løping på tredemølle","1.99","251","00:18:58","156","183","3.0","135","221","9:33","6:08","--","--","0.74","0.0","0.0","0","0","0","0.0","0","0","0.0","0.0","--","0","0","0","--","0:00","25.0","0:00","Nei","01:01.13.3","5","0.0","00:15:59","00:18:58","--","--"
Løping,2022-03-12 17:26:36,false,"Oslo Løping","7.02","554","00:40:04","158","178","3.8","164","174","5:43","4:34","51","50","1.07","0.0","0.0","0","0","0","0.0","0","0","0.0","0.0","--","0","0","0","--","0:00","12.0","0:00","Nei","00:05.26.9","8","0.0","00:40:02","00:42:09","4","52"
Sykling,2022-03-09 08:53:28,false,"Oslo Sykling","27.29","775","01:28:07","126","183","3.0","0","0","18.6","47.4","350","351","0.00","0.0","0.0","0","0","0","0.0","0","0","0.0","0.0","--","0","0","0","--","0:00","10.0","0:00","Nei","07:58.12.8","6","0.0","01:26:59","12:40:10","-10","151"
Sykling,2022-03-07 17:15:02,false,"Oslo Sykling","24.72","595","01:18:48","119","158","2.1","0","0","18.8","48.5","286","295","0.00","0.0","0.0","0","0","0","0.0","0","0","0.0","0.0","--","0","0","0","--","0:00","9.0","0:00","Nei","13:01.79.6","5","0.0","01:17:00","03:16:05","-12","158"
Løping,2022-03-07 16:18:23,false,"Oslo Løping","3.01","184","00:17:04","133","157","2.1","158","169","5:40","5:00","25","11","1.11","0.0","0.0","0","0","0","0.0","0","0","0.0","0.0","--","0","0","0","--","0:00","16.0","0:00","Nei","00:03.58.5","4","0.0","00:16:52","00:24:30","26","49"
Løping,2022-03-05 16:47:12,false,"Oslo Løping","7.01","530","00:40:03","153","172","3.5","164","236","5:43","5:10","74","82","1.07","0.0","0.0","0","0","0","0.0","0","0","0.0","0.0","--","0","0","0","--","0:00","13.0","0:00","Nei","00:02.50.6","8","0.0","00:39:46","00:44:47","-14","51"
Løping,2022-03-01 17:50:42,false,"Oslo Løping","9.60","728","00:55:12","155","179","3.8","161","248","5:45","4:44","87","91","1.08","0.0","0.0","0","0","0","0.0","0","0","0.0","0.0","--","0","0","0","--","0:00","12.0","0:00","Nei","03:39.08.5","10","0.0","00:54:28","01:00:56","10","84"
Løping,2022-02-26 18:05:39,false,"Oslo Løping","6.52","525","00:36:07","162","180","4.2","167","176","5:32","4:50","45","53","1.09","0.0","0.0","0","0","0","0.0","0","0","0.0","0.0","--","0","0","0","--","0:00","13.0","0:00","Nei","02:43.91.9","7","0.0","00:36:03","00:36:07","-8","37"
Løping,2022-02-24 20:08:02,false,"Oslo Løping","9.01","771","00:54:02","162","177","4.0","161","237","6:00","4:58","94","97","1.04","0.0","0.0","0","0","0","0.0","0","0","0.0","0.0","--","0","0","0","--","0:00","15.0","0:00","Nei","00:01.44","10","0.0","00:53:45","00:55:28","400","462"
Løping,2022-02-20 17:59:03,false,"Oslo Løping","6.21","495","00:36:23","152","173","3.4","160","165","5:51","5:17","38","54","1.06","0.0","0.0","0","0","0","0.0","0","0","0.0","0.0","--","0","0","0","--","0:00","11.0","0:00","Nei","01:17.94.4","7","0.0","00:36:17","00:36:32","340","385"
Løping på tredemølle,2022-02-07 20:21:39,false,"Løping på tredemølle","3.75","388","00:30:15","150","178","3.4","150","167","8:04","6:52","--","--","0.83","0.0","0.0","0","0","0","0.0","0","0","0.0","0.0","--","0","0","0","--","0:00","25.0","0:00","Nei","06:41.40.3","4","0.0","00:29:08","00:44:21","--","--"
Løping på tredemølle,2022-02-04 15:55:43,false,"Løping på tredemølle","3.64","378","01:03:18","112","163","2.4","84","166","17:23","6:59","--","--","0.64","0.0","0.0","0","0","0","0.0","0","0","0.0","0.0","--","0","0","0","--","0:00","24.0","0:00","Nei","07:20.81.7","4","0.0","00:38:57","01:03:18","--","--"
Romaskin,2022-02-02 17:52:38,false,"Romaskin","--","130","00:10:33","141","161","2.2","0","0","--","--","--","--","0.00","0.0","0.0","0","0","0","0.0","0","0","0.0","0.0","338","0","0","0","--","0:00","27.0","0:00","Nei","10:32.77","1","0.0","00:00:00","00:10:49","--","--"
Løping på tredemølle,2022-02-02 17:38:07,false,"Løping på tredemølle","1.37","159","00:13:53","142","165","2.5","119","162","10:09","7:05","--","--","0.81","0.0","0.0","0","0","0","0.0","0","0","0.0","0.0","--","0","0","0","--","0:00","27.0","0:00","Nei","06:30.47","2","0.0","00:10:30","00:13:53","--","--"
Løping,2022-01-15 17:25:50,false,"Oslo Løping","3.02","209","00:21:55","125","155","2.2","143","201","7:16","4:54","18","22","0.95","0.0","0.0","0","0","0","0.0","0","0","0.0","0.0","--","0","0","0","--","0:00","9.0","0:00","Nei","00:08.94.4","4","0.0","00:21:42","00:22:06","88","109"
Utholdenhet,2022-01-11 16:16:37,false,"Utholdenhet","0.00","523","01:42:09","103","147","0.6","0","0","--","--","--","--","0.00","0.0","0.0","0","0","0","0.0","0","0","0.0","0.0","--","0","0","0","--","0:00","23.0","0:00","Nei","01:42:08.84.4","1","0.0","00:00:00","01:42:09","102","102"
Utholdenhet,2021-12-14 16:43:50,false,"Utholdenhet","0.00","437","01:16:19","107","136","0.6","0","0","--","--","--","--","0.00","0.0","0.0","0","0","0","0.0","0","0","0.0","0.0","--","0","0","0","--","0:00","18.0","0:00","Nei","01:16:18.50.5","1","0.0","00:00:00","01:16:19","145","145"
Utholdenhet,2021-11-03 16:16:19,false,"Utholdenhet","0.00","345","01:08:18","100","146","0.5","0","0","--","--","--","--","0.00","0.0","0.0","0","0","0","0.0","0","0","0.0","0.0","--","0","0","0","--","0:00","24.0","0:00","Nei","01:08:17.76.7","1","0.0","00:00:00","01:13:31","176","180"
Styrketrening,2021-11-02 20:06:47,false,"Styrke","0.00","200","00:49:55","89","132","0.3","0","0","--","--","--","--","0.00","0.0","0.0","0","0","0","0.0","0","0","0.0","0.0","--","0","0","16","1","0:00","22.0","0:00","Nei","49:55.28.2","1","0.0","00:49:55","00:49:55","--","--"
Løping,2021-10-27 20:18:11,false,"Oslo Løping","9.38","675","00:52:37","151","174","3.5","163","174","5:37","4:38","98","110","1.09","0.0","0.0","0","0","0","0.0","0","0","0.0","0.0","--","0","0","0","--","0:00","20.0","0:00","Nei","02:25.99.8","10","0.0","00:52:19","00:53:23","-3","65"
Løping,2021-10-24 21:20:11,false,"Oslo Løping","5.77","391","00:34:21","137","165","2.5","165","173","5:57","5:32","53","53","1.02","0.0","0.0","0","0","0","0.0","0","0","0.0","0.0","--","0","0","0","--","0:00","18.0","0:00","Nei","04:37.23.8","6","0.0","00:34:19","00:34:21","35","66"
Løping,2021-10-12 16:59:39,false,"Oslo Løping","12.39","832","01:16:40","137","187","2.7","153","193","6:11","5:06","118","124","1.09","0.0","0.0","0","0","0","0.0","0","0","0.0","0.0","--","0","0","0","--","0:00","13.0","0:00","Nei","02:31.70.8","13","0.0","01:15:56","02:11:12","61","143"
Løping,2021-10-09 12:52:23,false,"Oslo Løping","8.80","661","00:50:14","154","172","3.5","165","178","5:42","4:59","88","79","1.06","0.0","0.0","0","0","0","0.0","0","0","0.0","0.0","--","0","0","0","--","0:00","21.0","0:00","Nei","04:35.94.6","9","0.0","00:49:52","00:51:09","9","63"
Utholdenhet,2021-10-06 16:15:13,false,"Utholdenhet","0.00","501","01:15:10","116","155","1.5","0","0","--","--","--","--","0.00","0.0","0.0","0","0","0","0.0","0","0","0.0","0.0","--","0","0","0","--","0:00","25.0","0:00","Nei","01:15:10.05.9","1","0.0","00:00:00","01:15:10","246","251"
Løping,2021-10-05 19:02:55,false,"Oslo Løping","7.07","522","00:39:46","152","173","3.3","161","169","5:38","5:02","50","51","1.10","0.0","0.0","0","0","0","0.0","0","0","0.0","0.0","--","0","0","0","--","0:00","18.0","0:00","Nei","00:25.76.8","8","0.0","00:39:35","00:40:02","134","182"
Utholdenhet,2021-09-28 17:54:37,false,"Utholdenhet","0.00","221","00:24:07","125","150","1.8","0","0","--","--","--","--","0.00","0.0","0.0","0","0","0","0.0","0","0","0.0","0.0","--","0","0","0","--","0:00","21.0","0:00","Nei","24:06.66.5","1","0.0","00:00:00","00:24:07","242","258"
Løping,2021-09-24 14:18:44,false,"Oslo Løping","4.77","330","00:28:35","137","152","2.3","172","182","6:00","5:25","55","46","0.97","0.0","0.0","0","0","0","0.0","0","0","0.0","0.0","--","0","0","0","--","0:00","18.0","0:00","Nei","04:29.77.2","5","0.0","00:28:29","00:30:00","153","186"
Løping,2021-09-22 16:11:53,false,"Ringebu Løping","2.31","210","00:19:12","136","165","2.1","120","186","8:18","5:00","43","44","1.02","0.0","0.0","0","0","0","0.0","0","0","0.0","0.0","--","0","0","0","--","0:00","19.0","0:00","Nei","01:53.05.4","3","0.0","00:13:43","00:21:40","916","942"
Løping,2021-09-18 09:20:50,false,"Oslo halv maraton","21.20","1,496","01:39:39","173","183","5.0","170","178","4:42","4:00","103","113","1.25","0.0","0.0","0","0","0","0.0","0","0","0.0","0.0","--","0","0","0","--","0:00","15.0","0:00","Nei","00:46.53.7","22","0.0","01:39:33","01:39:39","-7","21"
Løping,2021-09-14 15:58:46,false,"Oslo Løping","8.00","575","01:12:51","109","148","1.7","87","199","9:06","4:16","109","23","1.77","0.0","0.0","0","0","0","0.0","0","0","0.0","0.0","--","0","0","0","--","0:00","21.0","0:00","Nei","00:02.73.9","9","0.0","01:11:19","01:41:36","-26","64"
Løping,2021-09-12 17:20:49,false,"Oslo Løping","12.28","870","01:08:45","149","173","3.6","161","222","5:36","3:57","114","122","1.10","0.0","0.0","0","0","0","0.0","0","0","0.0","0.0","--","0","0","0","--","0:00","23.0","0:00","Nei","01:37.43","13","0.0","01:07:01","01:09:02","-6","58"
Løping,2021-09-08 13:51:46,false,"Oslo Løping","7.29","575","00:41:07","155","172","3.5","166","174","5:38","5:07","71","71","1.07","0.0","0.0","0","0","0","0.0","0","0","0.0","0.0","--","0","0","0","--","0:00","28.0","0:00","Nei","01:32.79.1","8","0.0","00:40:52","00:42:01","68","98"
Løping,2021-09-05 13:06:24,false,"Oslo Løping","15.81","1,121","01:27:26","154","180","3.7","168","196","5:32","4:51","182","179","1.08","0.0","0.0","0","0","0","0.0","0","0","0.0","0.0","--","0","0","0","--","0:00","23.0","0:00","Nei","04:13.01.1","16","0.0","01:27:22","01:27:30","70","148"
Løping,2021-09-03 18:26:34,false,"Oslo Løping","9.29","662","00:55:20","145","157","2.8","165","178","5:58","5:14","100","104","1.02","0.0","0.0","0","0","0","0.0","0","0","0.0","0.0","--","0","0","0","--","0:00","21.0","0:00","Nei","01:34.72","10","0.0","00:55:16","00:55:20","66","105"
Sykling,2021-08-29 13:07:01,false,"Oslo Sykling","16.38","406","00:44:02","126","157","1.8","0","0","22.3","45.6","191","188","0.00","0.0","0.0","0","0","0","0.0","0","0","0.0","0.0","--","0","0","0","--","0:00","27.0","0:00","Nei","03:49.25.5","4","0.0","00:43:53","03:03:57","66","156"
Løping,2021-08-28 15:21:26,false,"Sentrumsløpet 10k","9.97","680","00:44:31","181","192","4.4","169","196","4:28","3:13","104","99","1.33","0.0","0.0","0","0","0","0.0","0","0","0.0","0.0","--","0","0","0","--","0:00","25.0","0:00","Nei","04:05.99.1","10","0.0","00:44:27","00:44:31","8","58"
Løping,2021-08-24 20:17:28,false,"Oslo Løping","7.01","493","00:37:26","154","181","3.3","164","178","5:20","4:13","48","52","1.14","0.0","0.0","0","0","0","0.0","0","0","0.0","0.0","--","0","0","0","--","0:00","21.0","0:00","Nei","01:05.61.1","10","0.0","00:37:02","00:42:10","91","113"
Gåtur,2021-08-23 08:29:10,false,"Oslo Gåing","2.78","167","00:31:07","101","117","0.3","108","136","11:12","7:28","12","71","0.83","0.0","0.0","0","0","0","0.0","0","0","0.0","0.0","--","0","0","0","--","0:00","22.0","0:00","Nei","09:23.45","3","0.0","00:00:00","00:31:07","28","98"
Sykling,2021-08-22 12:35:23,false,"Oslo Sykling","16.34","432","00:41:48","135","169","2.4","0","0","23.5","54.4","190","181","0.00","0.0","0.0","0","0","0","0.0","0","0","0.0","0.0","--","0","0","0","--","0:00","23.0","0:00","Nei","03:47.82.4","4","0.0","00:41:40","04:21:06","87","177"
Løping,2021-08-21 15:10:36,false,"Oslo Løping","8.30","596","00:47:26","151","180","3.2","163","182","5:43","3:46","74","69","1.07","0.0","0.0","0","0","0","0.0","0","0","0.0","0.0","--","0","0","0","--","0:00","26.0","0:00","Nei","01:17.26.2","9","0.0","00:47:23","00:47:26","71","103"
Sykling,2021-08-20 20:14:35,false,"Oslo Sykling","10.90","290","00:38:27","120","154","1.0","0","0","17.0","36.9","128","126","0.00","0.0","0.0","0","0","0","0.0","0","0","0.0","0.0","--","0","0","0","--","0:00","21.0","0:00","Nei","04:39.32.5","3","0.0","00:37:09","00:55:02","-12","64"
Sykling,2021-08-20 16:53:01,false,"Oslo Sykling","4.53","123","00:13:32","124","163","0.9","0","0","20.1","39.5","50","25","0.00","0.0","0.0","0","0","0","0.0","0","0","0.0","0.0","--","0","0","0","--","0:00","24.0","0:00","Nei","13:31.90.1","1","0.0","00:13:17","02:11:30","70","104"
Løping,2021-08-18 19:03:26,false,"Oslo Løping","13.03","943","01:13:12","159","184","3.9","164","193","5:37","2:50","123","133","1.08","0.0","0.0","0","0","0","0.0","0","0","0.0","0.0","--","0","0","0","--","0:00","22.0","0:00","Nei","00:08.39.2","14","0.0","01:13:03","01:13:15","43","97"
Gåtur,2021-08-18 08:27:44,false,"Oslo Gåing","3.01","184","00:35:39","99","131","0.3","99","235","11:51","4:56","20","78","0.89","0.0","0.0","0","0","0","0.0","0","0","0.0","0.0","--","0","0","0","--","0:00","23.0","0:00","Nei","00:02.79.6","4","0.0","00:00:00","00:35:39","-8","59"
Gåtur,2021-08-17 15:37:15,false,"Oslo Gåing","2.36","170","00:26:07","96","115","0.6","110","122","11:04","5:41","67","6","0.82","0.0","0.0","0","0","0","0.0","0","0","0.0","0.0","--","0","0","0","--","0:00","24.0","0:00","Nei","03:56.92.7","3","0.0","00:00:00","00:26:07","-9","57"
Gåtur,2021-08-17 08:27:16,false,"Oslo Gåing","2.75","174","00:32:16","101","126","0.3","108","128","11:44","7:44","11","69","0.79","0.0","0.0","0","0","0","0.0","0","0","0.0","0.0","--","0","0","0","--","0:00","22.0","0:00","Nei","09:45.26","3","0.0","00:00:00","00:32:16","-13","55"
Løping,2021-08-16 21:30:37,false,"Oslo Løping","7.63","547","00:47:21","144","159","2.7","161","171","6:12","5:31","66","80","1.00","0.0","0.0","0","0","0","0.0","0","0","0.0","0.0","--","0","0","0","--","0:00","22.0","0:00","Nei","00:21.39.8","9","0.0","00:47:17","00:47:21","55","89"
Gåtur,2021-08-16 08:26:51,false,"Oslo Gåing","2.55","155","00:29:00","102","120","0.3","113","125","11:22","8:43","9","67","0.78","0.0","0.0","0","0","0","0.0","0","0","0.0","0.0","--","0","0","0","--","0:00","21.0","0:00","Nei","06:25.28.7","3","0.0","00:00:00","00:29:00","12","77"
Sykling,2021-08-15 17:59:41,false,"Oslo Sykling","8.42","215","00:20:11","136","161","2.0","0","0","25.0","51.7","67","131","0.00","0.0","0.0","0","0","0","0.0","0","0","0.0","0.0","--","0","0","0","--","0:00","23.0","0:00","Nei","08:52.43.2","2","0.0","00:20:09","00:20:11","77","167"
Sykling,2021-08-15 15:05:34,false,"Oslo Sykling","8.52","263","00:26:53","132","155","2.0","0","0","19.0","36.8","131","64","0.00","0.0","0.0","0","0","0","0.0","0","0","0.0","0.0","--","0","0","0","--","0:00","23.0","0:00","Nei","11:32.48.6","2","0.0","00:26:25","00:29:40","71","154"
Sykling,2021-08-14 23:33:26,false,"Oslo Sykling","7.25","177","00:20:16","124","164","1.5","0","0","21.4","40.9","53","133","0.00","0.0","0.0","0","0","0","0.0","0","0","0.0","0.0","--","0","0","0","--","0:00","20.0","0:00","Nei","07:48.04.5","2","0.0","00:19:26","00:20:16","23","144"
Løping,2021-08-14 13:50:28,false,"Oslo Løping","14.13","1,117","01:35:23","156","175","3.0","151","248","6:45","4:46","310","295","0.97","0.0","0.0","0","0","0","0.0","0","0","0.0","0.0","--","0","0","0","--","0:00","22.0","0:00","Nei","00:43.60.1","15","0.0","01:34:50","01:43:06","144","330"
Sykling,2021-08-13 22:49:04,false,"Oslo Sykling","5.83","273","00:23:53","142","171","2.5","0","0","14.7","31.8","152","16","0.00","0.0","0.0","0","0","0","0.0","0","0","0.0","0.0","--","0","0","0","--","0:00","21.0","0:00","Nei","04:27.63.1","2","0.0","00:22:11","00:23:53","54","195"
Sykling,2021-08-13 08:36:08,false,"Oslo Sykling","5.57","104","00:13:44","115","140","0.7","0","0","24.3","42.5","18","156","0.00","0.0","0.0","0","0","0","0.0","0","0","0.0","0.0","--","0","0","0","--","0:00","22.0","0:00","Nei","01:49.25.8","2","0.0","00:13:23","00:13:44","4","144"
Sykling,2021-08-12 16:02:51,false,"Oslo Sykling","6.02","207","00:20:35","135","171","2.1","0","0","17.6","29.4","149","10","0.00","0.0","0.0","0","0","0","0.0","0","0","0.0","0.0","--","0","0","0","--","0:00","26.0","0:00","Nei","04:19.72.5","2","0.0","00:20:24","01:04:57","-6","132"
Sykling,2021-08-12 09:03:25,false,"Oslo Sykling","5.56","119","00:13:52","122","150","1.0","0","0","24.1","39.3","17","157","0.00","0.0","0.0","0","0","0","0.0","0","0","0.0","0.0","--","0","0","0","--","0:00","21.0","0:00","Nei","01:49.88.7","2","0.0","00:13:09","00:13:52","2","144"
Sykling,2021-08-11 08:28:05,false,"Oslo Sykling","8.62","302","00:30:05","132","163","2.5","0","0","17.2","44.7","152","77","0.00","0.0","0.0","0","0","0","0.0","0","0","0.0","0.0","--","0","0","0","--","0:00","23.0","0:00","Nei","12:32.96.1","2","0.0","00:29:08","08:05:05","9","142"
Sykling,2021-08-10 18:12:09,false,"Oslo Sykling","10.19","321","00:29:18","143","170","2.7","0","0","20.9","47.1","98","154","0.00","0.0","0.0","0","0","0","0.0","0","0","0.0","0.0","--","0","0","0","--","0:00","26.0","0:00","Nei","00:39.61.9","3","0.0","00:29:09","00:33:10","49","158"
Sykling,2021-08-10 08:30:49,false,"Oslo Sykling","16.85","551","00:51:02","143","179","3.3","0","0","19.8","42.4","210","239","0.00","0.0","0.0","0","0","0","0.0","0","0","0.0","0.0","--","0","0","0","--","0:00","21.0","0:00","Nei","06:01.37.7","4","0.0","00:50:13","07:11:36","-9","154"
Sykling,2021-08-09 16:12:14,false,"Oslo Sykling","26.29","940","01:19:05","149","188","3.3","0","0","19.9","51.7","352","236","0.00","0.0","0.0","0","0","0","0.0","0","0","0.0","0.0","--","0","0","0","--","0:00","22.0","0:00","Nei","05:46.72.6","6","0.0","00:00:00","05:37:51","-14","140"
Sykling,2021-08-09 07:49:36,false,"Oslo Sykling","5.10","106","00:14:23","115","143","0.6","0","0","21.3","39.5","24","147","0.00","0.0","0.0","0","0","0","0.0","0","0","0.0","0.0","--","0","0","0","--","0:00","21.0","0:00","Nei","00:23.64.5","2","0.0","00:12:47","00:14:23","19","144"
Sykling,2021-08-08 19:32:19,false,"Oslo Sykling","20.95","494","01:08:01","119","147","1.5","0","0","18.5","44.6","310","238","0.00","0.0","0.0","0","0","0","0.0","0","0","0.0","0.0","--","0","0","0","--","0:00","21.0","0:00","Nei","04:05.50","5","0.0","01:06:07","02:17:37","1","157"
Sykling,2021-08-08 16:06:22,false,"Oslo Sykling","4.95","197","00:18:49","136","175","2.3","0","0","15.8","33.9","109","15","0.00","0.0","0.0","0","0","0","0.0","0","0","0.0","0.0","--","0","0","0","--","0:00","28.0","0:00","Nei","18:48.81.3","1","0.0","00:15:21","00:19:16","116","222"
Sykling,2021-08-08 15:08:29,false,"Oslo Sykling","5.03","96","00:12:57","115","134","0.6","0","0","23.3","44.9","19","115","0.00","0.0","0.0","0","0","0","0.0","0","0","0.0","0.0","--","0","0","0","--","0:00","25.0","0:00","Nei","00:09.83.1","2","0.0","00:11:26","00:13:11","40","143"
Sykling,2021-08-07 16:45:36,false,"Oslo Sykling","7.53","240","00:26:26","127","168","2.1","0","0","17.1","30.7","118","36","0.00","0.0","0.0","0","0","0","0.0","0","0","0.0","0.0","--","0","0","0","--","0:00","24.0","0:00","Nei","08:27.33.8","2","0.0","00:25:10","00:26:26","71","157"
Sykling,2021-08-06 19:48:24,false,"Oslo Sykling","2.28","46","00:06:01.9","115","133","0.4","0","0","22.7","47.9","11","24","0.00","0.0","0.0","0","0","0","0.0","0","0","0.0","0.0","--","0","0","0","--","0:00","24.0","0:00","Nei","06:01.92","1","0.0","00:05:54","00:06:01.9","74","92"
Sykling,2021-08-06 17:49:13,false,"Oslo Sykling","2.57","74","00:08:04.0","124","150","0.8","0","0","19.1","34.2","34","16","0.00","0.0","0.0","0","0","0","0.0","0","0","0.0","0.0","--","0","0","0","--","0:00","26.0","0:00","Nei","08:03.95.7","1","0.0","00:07:59","00:08:04.0","71","95"
Løping,2021-08-05 19:39:03,false,"Oslo Løping","7.17","523","00:40:57","153","172","3.5","161","173","5:43","4:55","69","68","1.08","0.0","0.0","0","0","0","0.0","0","0","0.0","0.0","--","0","0","0","--","0:00","24.0","0:00","Nei","00:50.42.4","8","0.0","00:40:48","00:41:50","69","101"
Sykling,2021-08-05 16:23:50,false,"Oslo Sykling","2.72","110","00:11:33","128","169","1.8","0","0","14.1","38.4","67","3","0.00","0.0","0.0","0","0","0","0.0","0","0","0.0","0.0","--","0","0","0","--","0:00","25.0","0:00","Nei","11:33.35.6","1","0.0","00:10:38","00:11:33","21","89"
Sykling,2021-08-05 12:26:00,false,"Oslo Sykling","2.83","58","00:08:37.7","110","131","0.4","0","0","19.7","42.3","7","67","0.00","0.0","0.0","0","0","0","0.0","0","0","0.0","0.0","--","0","0","0","--","0:00","25.0","0:00","Nei","08:37.72.6","1","0.0","00:08:12","00:08:37.7","28","93"
Sykling,2021-08-03 16:45:07,false,"Oslo Sykling","5.55","184","00:21:25","125","159","1.3","0","0","15.6","37.4","96","42","0.00","0.0","0.0","0","0","0","0.0","0","0","0.0","0.0","--","0","0","0","--","0:00","24.0","0:00","Nei","02:15.99.2","2","0.0","00:18:19","02:33:34","31","93"
Sykling,2021-08-03 08:29:37,false,"Oslo Sykling","2.81","42","00:08:27.8","97","127","0.2","0","0","19.9","45.7","9","64","0.00","0.0","0.0","0","0","0","0.0","0","0","0.0","0.0","--","0","0","0","--","0:00","21.0","0:00","Nei","08:27.77.2","1","0.0","00:08:20","00:08:27.8","1","64"
Løping,2021-08-01 18:01:13,false,"Oslo Løping","9.09","686","00:53:28","155","183","4.0","161","176","5:53","4:04","90","94","1.05","0.0","0.0","0","0","0","0.0","0","0","0.0","0.0","--","0","0","0","--","0:00","22.0","0:00","Nei","00:21.94.4","10","0.0","00:53:21","00:53:28","66","104"
Løping,2021-07-29 15:08:38,false,"Oslo Løping","7.25","531","00:41:39","154","187","3.8","160","235","5:45","3:22","88","83","1.09","0.0","0.0","0","0","0","0.0","0","0","0.0","0.0","--","0","0","0","--","0:00","22.0","0:00","Nei","01:04.77.4","8","0.0","00:41:36","00:42:27","71","109"
Sykling,2021-07-27 16:28:47,false,"Oslo Sykling","2.74","84","00:10:31","117","136","0.9","0","0","15.6","38.3","65","3","0.00","0.0","0.0","0","0","0","0.0","0","0","0.0","0.0","--","0","0","0","--","0:00","23.0","0:00","Nei","10:31.30.6","1","0.0","00:10:23","00:10:31","2","67"
Sykling,2021-07-27 08:24:11,false,"Oslo Sykling","2.76","54","00:09:11.5","104","126","0.3","0","0","18.0","38.9","7","67","0.00","0.0","0.0","0","0","0","0.0","0","0","0.0","0.0","--","0","0","0","--","0:00","23.0","0:00","Nei","09:11.47.3","1","0.0","00:08:47","00:09:11.5","6","71"
Sykling,2021-07-26 17:28:54,false,"Oslo Sykling","6.66","225","00:22:00","137","180","2.3","0","0","18.2","44.5","90","91","0.00","0.0","0.0","0","0","0","0.0","0","0","0.0","0.0","--","0","0","0","--","0:00","28.0","0:00","Nei","05:43.36.7","2","0.0","00:20:46","00:34:14","--","75"
Sykling,2021-07-26 15:51:05,false,"Oslo Sykling","2.87","113","00:10:58","137","181","2.3","0","0","15.7","28.9","72","6","0.00","0.0","0.0","0","0","0","0.0","0","0","0.0","0.0","--","0","0","0","--","0:00","29.0","0:00","Nei","10:57.86.6","1","0.0","00:10:48","00:10:58","4","73"
Sykling,2021-07-26 08:25:11,false,"Oslo Sykling","2.33","54","00:06:29.9","118","134","0.6","0","0","21.5","44.3","1","60","0.00","0.0","0.0","0","0","0","0.0","0","0","0.0","0.0","--","0","0","0","--","0:00","26.0","0:00","Nei","06:29.94.2","1","0.0","00:06:29.9","00:06:29.9","2","63"
Løping,2021-07-25 09:47:14,false,"Tysvær Løping","5.35","417","00:30:27","162","188","4.0","160","204","5:42","3:10","39","36","1.10","0.0","0.0","0","0","0","0.0","0","0","0.0","0.0","--","0","0","0","--","0:00","25.0","0:00","Nei","01:41.02.4","6","0.0","00:30:19","00:30:27","2","23"
Løping,2021-07-23 18:10:08,false,"Tysvær Løping","4.11","310","00:23:42","156","178","3.3","159","169","5:46","4:34","36","35","1.09","0.0","0.0","0","0","0","0.0","0","0","0.0","0.0","--","0","0","0","--","0:00","24.0","0:00","Nei","00:34.18.7","5","0.0","00:23:36","00:23:46","2","26"
Sykling,2021-07-19 19:05:08,false,"Oslo Sykling","8.24","203","00:18:11","141","172","2.6","0","0","27.2","55.4","55","119","0.00","0.0","0.0","0","0","0","0.0","0","0","0.0","0.0","--","0","0","0","--","0:00","24.0","0:00","Nei","07:45.74.7","2","0.0","00:18:05","00:18:11","78","157"
Sykling,2021-07-19 16:30:51,false,"Oslo Sykling","8.22","277","00:24:58","142","178","3.0","0","0","19.8","39.0","129","57","0.00","0.0","0.0","0","0","0","0.0","0","0","0.0","0.0","--","0","0","0","--","0:00","26.0","0:00","Nei","10:42.28.1","2","0.0","00:24:38","00:24:58","71","157"
Løping,2021-07-11 15:16:14,false,"Oslo Løping","5.56","429","00:32:11","159","193","3.8","161","182","5:47","3:21","73","70","1.08","0.0","0.0","0","0","0","0.0","0","0","0.0","0.0","--","0","0","0","--","0:00","27.0","0:00","Nei","02:36.87.6","6","0.0","00:32:09","00:32:11","70","112"
Sykling,2021-07-07 20:47:38,false,"Oslo Sykling","19.81","640","00:53:37","154","183","3.7","0","0","22.2","50.5","258","249","0.00","0.0","0.0","0","0","0","0.0","0","0","0.0","0.0","--","0","0","0","--","0:00","21.0","0:00","Nei","00:05.07","5","0.0","00:52:56","00:55:29","6","161"
Sykling,2021-07-06 16:14:59,false,"Oslo Sykling","2.73","79","00:11:17","111","129","0.6","0","0","14.5","31.4","71","3","0.00","0.0","0.0","0","0","0","0.0","0","0","0.0","0.0","--","0","0","0","--","0:00","27.0","0:00","Nei","11:17.25.2","1","0.0","00:10:28","00:11:17","12","80"
Sykling,2021-07-06 08:36:43,false,"Oslo Sykling","2.69","55","00:08:20.3","109","134","0.4","0","0","19.4","41.9","5","63","0.00","0.0","0.0","0","0","0","0.0","0","0","0.0","0.0","--","0","0","0","--","0:00","25.0","0:00","Nei","08:20.26.9","1","0.0","00:08:03","00:08:20.3","18","86"
Sykling,2021-07-05 16:00:47,false,"Oslo Sykling","2.69","95","00:12:42","115","148","0.9","0","0","12.7","27.6","71","7","0.00","0.0","0.0","0","0","0","0.0","0","0","0.0","0.0","--","0","0","0","--","0:00","28.0","0:00","Nei","12:41.72.3","1","0.0","00:11:30","00:12:42","13","81"
Sykling,2021-07-05 08:29:26,false,"Oslo Sykling","2.67","69","00:09:38.9","113","132","0.5","0","0","16.6","39.4","9","64","0.00","0.0","0.0","0","0","0","0.0","0","0","0.0","0.0","--","0","0","0","--","0:00","25.0","0:00","Nei","09:38.92.2","1","0.0","00:08:05","00:09:38.9","16","79"
Sykling,2021-07-04 17:21:39,false,"Oslo Sykling","8.18","257","00:19:49","156","179","3.1","0","0","24.8","51.5","55","117","0.00","0.0","0.0","0","0","0","0.0","0","0","0.0","0.0","--","0","0","0","--","0:00","29.0","0:00","Nei","08:22.57.9","2","0.0","00:19:41","00:19:49","79","163"
Sykling,2021-07-04 15:06:47,false,"Oslo Sykling","9.05","258","00:28:07","127","167","2.6","0","0","19.3","36.0","129","64","0.00","0.0","0.0","0","0","0","0.0","0","0","0.0","0.0","--","0","0","0","--","0:00","24.0","0:00","Nei","12:48.81.7","2","0.0","00:27:23","00:30:49","5","85"
Løping,2021-06-10 22:52:25,false,"Oslo Løping","0.24","11","00:00:53.2","167","184","0.4","143","186","3:43","3:10","2","1","1.89","0.0","0.0","0","0","0","0.0","0","0","0.0","0.0","--","0","0","0","--","0:00","24.0","0:00","Nei","00:53.15.1","1","0.0","00:00:53","00:00:53.2","84","88"
Løping,2021-06-01 17:06:27,false,"Oslo Løping","10.23","787","01:02:42","161","195","3.8","153","173","6:08","4:01","103","107","1.06","0.0","0.0","0","0","0","0.0","0","0","0.0","0.0","--","0","0","0","--","0:00","28.0","0:00","Nei","01:08.03.1","11","0.0","01:02:15","01:34:17","-4","27"
Løping,2021-06-01 13:22:51,false,"Oslo Løping","3.04","227","00:17:08","163","177","3.3","158","168","5:38","5:16","29","30","1.12","0.0","0.0","0","0","0","0.0","0","0","0.0","0.0","--","0","0","0","--","0:00","27.0","0:00","Nei","00:14.79.5","4","0.0","00:17:07","00:17:08","70","96"
Løping,2021-05-23 14:01:57,false,"Elverum Løping","5.01","383","00:31:11","154","170","3.5","158","171","6:14","5:32","49","50","1.02","0.0","0.0","0","0","0","0.0","0","0","0.0","0.0","--","0","0","0","--","0:00","19.0","0:00","Nei","00:02.75","6","0.0","00:30:51","00:31:31","211","242"
Løping,2021-05-17 21:23:30,false,"Oslo Løping","7.84","578","00:48:04","153","172","3.4","161","173","6:08","5:04","91","98","1.02","0.0","0.0","0","0","0","0.0","0","0","0.0","0.0","--","0","0","0","--","0:00","17.0","0:00","Nei","04:36.41.1","8","0.0","00:48:00","00:48:04","63","101"
Løping,2021-05-14 17:09:46,false,"Oslo Løping","8.58","678","00:48:03","176","191","5.0","157","171","5:36","4:48","108","100","1.14","0.0","0.0","0","0","0","0.0","0","0","0.0","0.0","--","0","0","0","--","0:00","23.0","0:00","Nei","03:14.91.9","9","0.0","00:47:50","00:51:38","40","130"
Løping,2021-05-13 15:46:55,false,"Oslo Løping","5.38","418","00:32:24","158","188","3.8","158","176","6:01","5:15","77","77","1.05","0.0","0.0","0","0","0","0.0","0","0","0.0","0.0","--","0","0","0","--","0:00","23.0","0:00","Nei","02:15.15.8","6","0.0","00:32:24","00:32:24","21","93"
Gåtur,2021-05-02 15:40:35,false,"Oslo Gåing","3.44","237","00:37:15","109","129","0.8","113","125","10:49","7:07","68","33","0.82","0.0","0.0","0","0","0","0.0","0","0","0.0","0.0","--","0","0","0","--","0:00","20.0","0:00","Nei","04:35.60.8","4","0.0","00:36:50","00:37:15","8","71"
Løping,2021-05-02 15:04:48,false,"Oslo Løping","0.92","243","00:21:41","152","184","2.7","71","241","23:32","0:21","127","114","0.60","0.0","0.0","0","0","0","0.0","0","0","0.0","0.0","--","0","0","0","--","0:00","17.0","0:00","Nei","21:40.53.8","1","0.0","00:12:41","00:21:47","37","58"
Gåtur,2021-05-02 14:13:21,false,"Oslo Gåing","3.63","252","00:40:07","100","149","1.1","109","159","11:04","8:45","65","65","0.83","0.0","0.0","0","0","0","0.0","0","0","0.0","0.0","--","0","0","0","--","0:00","19.0","0:00","Nei","08:44.63.5","4","0.0","00:38:10","00:40:07","23","84"
Utholdenhet,2021-04-29 11:37:19,false,"Utholdenhet","0.00","202","00:15:40","160","180","2.9","0","0","--","--","--","--","0.00","0.0","0.0","0","0","0","0.0","0","0","0.0","0.0","--","0","0","0","--","0:00","26.0","0:00","Nei","15:40.39.5","1","0.0","00:00:00","00:18:34","74","80"
Løping,2021-04-25 15:32:00,false,"Oslo Løping","4.42","312","00:28:25","141","160","2.5","168","179","6:26","5:48","66","64","0.93","0.0","0.0","0","0","0","0.0","0","0","0.0","0.0","--","0","0","0","--","0:00","15.0","0:00","Nei","02:37.83.5","5","0.0","00:28:17","00:29:51","72","116"
Løping,2021-04-24 12:19:29,false,"Oslo Løping","8.19","609","00:49:51","155","170","3.5","165","184","6:05","5:32","116","123","0.99","0.0","0.0","0","0","0","0.0","0","0","0.0","0.0","--","0","0","0","--","0:00","15.0","0:00","Nei","01:13.02.5","9","0.0","00:49:49","00:49:51","64","99"
Løping,2021-04-22 09:55:46,false,"Oslo Løping","9.95","731","00:56:07","166","183","4.7","162","180","5:39","4:45","97","101","1.09","0.0","0.0","0","0","0","0.0","0","0","0.0","0.0","--","0","0","0","--","0:00","14.0","0:00","Nei","00:03.23.6","15","0.0","00:55:55","00:58:05","57","99"
Løping,2021-04-20 14:59:58,false,"Oslo Løping","3.32","221","00:35:02","104","144","1.7","118","208","10:33","6:06","47","41","0.80","0.0","0.0","0","0","0","0.0","0","0","0.0","0.0","--","0","0","0","--","0:00","23.0","0:00","Nei","03:28.78.7","4","0.0","00:33:56","00:35:02","71","99"
Løping,2021-04-18 19:16:10,false,"Oslo Løping","12.50","886","01:19:25","148","187","3.4","162","178","6:21","3:36","156","150","0.97","0.0","0.0","0","0","0","0.0","0","0","0.0","0.0","--","0","0","0","--","0:00","21.0","0:00","Nei","02:15.59.1","13","0.0","01:19:08","01:21:13","65","106"
Løping,2021-04-15 18:40:51,false,"Oslo Løping","11.63","824","01:07:45","162","188","4.8","161","199","5:50","4:18","97","100","1.06","0.0","0.0","0","0","0","0.0","0","0","0.0","0.0","--","0","0","0","--","0:00","16.0","0:00","Nei","01:55.64.4","16","0.0","01:07:24","01:09:47","61","97"
Gåtur,2021-04-15 08:35:49,false,"Oslo Gåing","2.71","163","00:29:39","95","121","0.5","116","163","10:57","7:25","12","70","0.79","0.0","0.0","0","0","0","0.0","0","0","0.0","0.0","--","0","0","0","--","0:00","24.0","0:00","Nei","08:29.72.2","3","0.0","00:29:33","00:29:39","6","75"
Løping,2021-04-13 13:46:24,false,"Oslo Løping","8.21","622","00:51:56","154","183","3.6","160","192","6:20","4:16","112","123","0.99","0.0","0.0","0","0","0","0.0","0","0","0.0","0.0","--","0","0","0","--","0:00","14.0","0:00","Nei","01:03.66.6","9","0.0","00:51:45","00:52:07","59","100"
Løping,2021-04-11 17:02:18,false,"Oslo Løping","5.59","415","00:34:49","151","166","3.1","159","169","6:14","5:29","66","73","1.01","0.0","0.0","0","0","0","0.0","0","0","0.0","0.0","--","0","0","0","--","0:00","17.0","0:00","Nei","03:38.41","6","0.0","00:34:48","00:34:49","63","101"
Løping,2021-04-03 13:47:20,false,"Tysvær Løping","6.16","519","01:00:04","133","181","2.9","116","249","9:45","5:35","297","296","0.87","0.0","0.0","0","0","0","0.0","0","0","0.0","0.0","--","0","0","0","--","0:00","16.0","0:00","Nei","01:07.87.2","7","0.0","00:57:32","01:01:36","-8","220"
Fotturer,2021-04-01 12:47:27,false,"Tysvær Fotturer","10.37","959","03:10:57","104","152","1.4","64","237","18:25","7:07","320","329","0.84","0.0","0.0","0","0","0","0.0","0","0","0.0","0.0","--","0","0","0","--","0:00","15.0","0:00","Nei","03:10:56.58.1","1","0.0","02:20:55","04:27:33","4","229"
Løping,2021-03-30 18:29:07,false,"Tysvær Løping","9.79","749","01:01:41","156","188","3.6","159","240","6:18","5:24","116","116","1.00","0.0","0.0","0","0","0","0.0","0","0","0.0","0.0","--","0","0","0","--","0:00","18.0","0:00","Nei","04:36.50.9","10","0.0","01:01:16","01:02:46","-10","40"
Utholdenhet,2021-03-25 11:37:23,false,"Utholdenhet","0.00","236","00:19:58","154","177","2.9","0","0","--","--","--","--","0.00","0.0","0.0","0","0","0","0.0","0","0","0.0","0.0","--","0","0","0","--","0:00","26.0","0:00","Nei","19:58.25.5","1","0.0","00:00:00","00:21:26","49","56"
Løping,2021-03-22 15:03:56,false,"Oslo Løping","6.20","452","00:36:58","158","182","3.5","153","226","5:58","4:16","62","52","1.09","0.0","0.0","0","0","0","0.0","0","0","0.0","0.0","--","0","0","0","--","0:00","17.0","0:00","Nei","02:48.44.9","7","0.0","00:36:41","00:45:44","63","102"
Løping,2021-03-19 15:21:46,false,"Oslo Løping","7.47","558","00:46:54","151","174","3.3","170","248","6:17","5:36","102","104","0.94","0.0","0.0","0","0","0","0.0","0","0","0.0","0.0","--","0","0","0","--","0:00","13.0","0:00","Nei","02:41.90.6","8","0.0","00:46:46","00:47:04","48","104"
Utholdenhet,2021-03-18 11:35:40,false,"Utholdenhet","0.00","209","00:16:11","158","175","2.9","0","0","--","--","--","--","0.00","0.0","0.0","0","0","0","0.0","0","0","0.0","0.0","--","0","0","0","--","0:00","26.0","0:00","Nei","16:11.05.4","1","0.0","00:00:00","00:18:26","61","69"
Løping,2021-03-17 15:23:35,false,"Oslo Løping","7.89","563","00:50:22","147","176","3.0","169","243","6:23","5:06","131","118","0.93","0.0","0.0","0","0","0","0.0","0","0","0.0","0.0","--","0","0","0","--","0:00","15.0","0:00","Nei","05:23.34.3","8","0.0","00:50:10","00:54:07","16","101"
Løping,2021-03-15 12:30:14,false,"Oslo Løping","8.01","620","00:45:00","170","186","5.0","169","177","5:37","4:57","118","123","1.05","0.0","0.0","0","0","0","0.0","0","0","0.0","0.0","--","0","0","0","--","0:00","15.0","0:00","Nei","00:02.30.5","9","0.0","00:44:57","00:45:00","41","104"
Løping,2021-03-13 13:49:25,false,"Oslo Løping","6.78","523","00:42:37","155","182","3.6","165","175","6:17","4:55","80","82","0.96","0.0","0.0","0","0","0","0.0","0","0","0.0","0.0","--","0","0","0","--","0:00","14.0","0:00","Nei","04:36.98.8","7","0.0","00:42:32","00:42:37","47","100"
Løping,2021-03-09 16:57:47,false,"Oslo Løping","7.77","584","00:47:46","157","190","4.0","162","238","6:09","3:39","68","72","1.00","0.0","0.0","0","0","0","0.0","0","0","0.0","0.0","--","0","0","0","--","0:00","15.0","0:00","Nei","03:31.35.4","8","0.0","00:47:25","00:54:21","59","105"
Løping,2021-03-06 13:43:35,false,"Oslo Løping","10.66","843","01:08:05","158","183","4.0","159","190","6:23","4:51","171","155","0.99","0.0","0.0","0","0","0","0.0","0","0","0.0","0.0","--","0","0","0","--","0:00","14.0","0:00","Nei","04:01.20.1","11","0.0","01:07:38","01:17:09","18","115"
Løping,2021-03-03 18:20:39,false,"Oslo Løping","10.96","870","01:12:41","157","180","3.8","157","176","6:38","5:10","173","162","0.96","0.0","0.0","0","0","0","0.0","0","0","0.0","0.0","--","0","0","0","--","0:00","13.0","0:00","Nei","05:57.94.6","11","0.0","01:12:15","01:17:45","35","111"
Løping,2021-02-27 16:30:41,false,"Oslo Løping","5.21","425","00:30:54","167","191","4.2","162","180","5:56","4:51","63","67","1.04","0.0","0.0","0","0","0","0.0","0","0","0.0","0.0","--","0","0","0","--","0:00","15.0","0:00","Nei","01:18.00.4","6","0.0","00:30:52","00:30:54","18","68"
Løping,2021-01-30 14:44:18,false,"Oslo Løping","6.28","445","00:45:20","136","167","3.1","151","203","7:13","4:45","111","113","0.91","0.0","0.0","0","0","0","0.0","0","0","0.0","0.0","--","0","0","0","--","0:00","18.0","0:00","Nei","02:44.40.4","7","0.0","00:45:10","00:46:03","34","115"
Utholdenhet,2021-01-28 11:45:03,false,"Utholdenhet","0.00","95","00:07:32.1","154","187","2.4","0","0","--","--","--","--","0.00","0.0","0.0","0","0","0","0.0","0","0","0.0","0.0","--","0","0","0","--","0:00","26.0","0:00","Nei","07:32.06.9","1","0.0","00:00:00","00:12:45","63","64"
Løping,2021-01-26 14:08:27,false,"Oslo Løping","6.63","513","00:39:14","160","185","4.0","169","176","5:55","5:04","93","99","1.00","0.0","0.0","0","0","0","0.0","0","0","0.0","0.0","--","0","0","0","--","0:00","12.0","0:00","Nei","03:22.32.2","7","0.0","00:39:01","00:39:36","42","104"
Løping,2021-01-24 15:48:02,false,"Oslo Løping","8.13","594","00:51:25","149","165","3.3","165","174","6:19","4:49","119","125","0.96","0.0","0.0","0","0","0","0.0","0","0","0.0","0.0","--","0","0","0","--","0:00","11.0","0:00","Nei","00:49.09.9","9","0.0","00:51:21","00:51:25","35","109"
Løping,2021-01-21 17:45:42,false,"Oslo Løping","6.70","534","00:38:06","169","197","4.6","161","192","5:41","3:19","91","103","1.09","0.0","0.0","0","0","0","0.0","0","0","0.0","0.0","--","0","0","0","--","0:00","14.0","0:00","Nei","03:39.02.9","7","0.0","00:37:55","00:39:18","5","94"
Løping,2021-01-19 19:09:48,false,"Oslo Løping","13.05","1,032","01:20:32","164","186","4.4","160","171","6:10","5:06","195","201","1.01","0.0","0.0","0","0","0","0.0","0","0","0.0","0.0","--","0","0","0","--","0:00","19.0","0:00","Nei","00:17.05.8","14","0.0","01:20:26","01:20:32","86","181"
Løping,2021-01-15 13:18:48,false,"Oslo Løping","6.80","531","00:39:57","159","185","3.8","163","172","5:53","5:08","110","103","1.05","0.0","0.0","0","0","0","0.0","0","0","0.0","0.0","--","0","0","0","--","0:00","10.0","0:00","Nei","04:27.60.6","7","0.0","00:39:55","00:39:57","-133","-77"
Fotturer,2021-01-10 12:19:38,false,"Elverum Fotturer","5.26","765","02:36:15","105","149","1.4","45","239","29:43","4:44","245","227","0.75","0.0","0.0","0","0","0","0.0","0","0","0.0","0.0","--","0","0","0","--","0:00","18.0","0:00","Nei","02:36:14.62.4","1","0.0","01:23:57","02:49:44","177","432"
Løping,2020-12-31 16:29:19,false,"Oslo Løping","5.74","456","00:34:59","156","179","3.6","165","216","6:06","5:26","109","95","1.00","0.0","0.0","0","0","0","0.0","0","0","0.0","0.0","--","0","0","0","--","0:00","11.0","0:00","Nei","04:40.74.3","6","0.0","00:34:57","00:34:59","74","165"
Gåtur,2020-12-25 13:25:18,false,"Tysvær Gåing","3.02","358","01:05:01","107","149","0.9","57","196","21:30","2:01","212","199","0.82","0.0","0.0","0","0","0","0.0","0","0","0.0","0.0","--","0","0","0","--","0:00","17.0","0:00","Nei","00:02.86.9","4","0.0","00:52:39","01:06:35","34","246"
Løping,2020-12-19 22:26:37,false,"Oslo Løping","4.07","335","00:26:15","152","171","3.1","167","174","6:27","5:32","78","79","0.93","0.0","0.0","0","0","0","0.0","0","0","0.0","0.0","--","0","0","0","--","0:00","15.0","0:00","Nei","00:28.24.7","5","0.0","00:26:13","00:26:15","42","114"
Løping,2020-12-17 07:31:00,false,"Oslo Løping","13.41","995","01:20:10","159","184","4.0","161","236","5:59","4:29","214","174","1.04","0.0","0.0","0","0","0","0.0","0","0","0.0","0.0","--","0","0","0","--","0:00","10.0","0:00","Nei","04:12.64.1","14","0.0","01:19:27","01:25:47","43","132"
Gåtur,2020-12-12 23:15:29,false,"Oslo Gåing","2.02","155","00:21:37","109","132","0.7","113","179","10:43","8:19","70","22","0.82","0.0","0.0","0","0","0","0.0","0","0","0.0","0.0","--","0","0","0","--","0:00","25.0","0:00","Nei","00:10.26.3","3","0.0","00:21:36","00:21:37","-30","24"
Løping,2020-12-09 22:33:34,false,"Oslo Løping","4.53","344","00:24:06","165","189","3.4","168","180","5:19","4:40","75","78","1.12","0.0","0.0","0","0","0","0.0","0","0","0.0","0.0","--","0","0","0","--","0:00","10.0","0:00","Nei","02:37.53.9","5","0.0","00:24:05","00:24:06","36","109"
